index;path;description
1;1.jpg;Представлено чёрно-белое фото города, сделанное с высокой точки. На переднем плане - дорога, отходящая от наблюдателя. На перекрестке, разделяющем дорогу, установлен памятник в виде самолёта. Далее виднеется железнодорожный переезд, где проходит поезд, состоящий из локомотива и нескольких вагонов. От локомотива идет дым. За переездом располагаются жилые дома, а также парковая зона с деревьями. Вдали видны многоэтажные здания, составляющие городской пейзаж. На дорогах есть автомобили. На переднем плане, у перекрестка и железнодорожного переезда, находятся пешеходы.
2;2.jpg;Входной знак города Жуковский. Знак, выполненный в футуристической форме, напоминающей крыло или звезду, гордо возвышается на фоне современного многоэтажного здания с характерной кирпичной кладкой и арочными элементами. Яркое солнечное небо и развевающиеся флаги создают атмосферу торжественности и приветствия. Внизу видны деревья и проезжая часть с автомобилями, что подчеркивает городское окружение этого значимого ориентира.
3;3.jpg;Захватывающий вид с высоты птичьего полета демонстрирует современный российский истребитель Су-27, выполняющий маневр над жилым городом. Самолет окрашен в яркую камуфляжную схему с синими, белыми и красными элементами, а на его киле виден номер "15". Под ним раскинулся зеленый город с многоэтажными домами, парками и стадионом. Этот образ сочетает в себе передовые технологии военной авиации и мирную жизнь, показывая, как современные самолеты могут гармонично существовать в воздушном пространстве над населенными пунктами, символизируя безопасность и мощь.
4;4.jpg;Впечатляющий памятник в виде истребителя МиГ, взмывающего в небо под углом, установлен на фоне индустриального пейзажа и хвойных деревьев. Самолет окрашен в серый цвет с красными бортовыми номерами "09" и красной звездой на крыле. Из-под него поднимается пар или дым, создавая динамичный эффект взлета или полета. Этот монумент является ярким символом мощи и достижений советской военной авиации, олицетворяя скорость, силу и стремление к покорению высот.
5;5.jpg;Современное здание Международного аэропорта Жуковский предстает во всей своей красе. Его стеклянный фасад отражает облачное небо, а над входом ярко светится зеленая вывеска с названием аэропорта на русском и английском языках. Перед зданием расположен пешеходный переход и автобус, подчеркивающие его функциональность как транспортного узла. Аэропорт символизирует современную эпоху гражданской авиации, динамичное развитие и связь с миром. Он олицетворяет собой ворота в небо для тысяч пассажиров.
6;6.jpg;Изображение демонстрирует Памятник Н.Е. Жуковскому, расположенный в парке. Памятник представляет собой статую человека в пальто, стоящую на постаменте. Вокруг памятника расположены деревья, газон и пешеходная зона, выложенная плиткой. Несколько человек находятся в парке, гуляют или стоят возле памятника. Перед памятником проходит дорога, отделенная от парка клумбой с разноцветными цветами, где преобладают желтые, синие и бордовые оттенки. По обе стороны от памятника, вдоль пешеходной зоны, видны фонари и клумбы с желтыми цветами. В небе над парком видны облака, и есть несколько проводов, пересекающих верхнюю часть изображения.
7;7.jpg;"На фоне живописного пейзажа с зелеными деревьями и голубым небом с облаками стоит легендарный советский сверхзвуковой пассажирский самолет Ту-144. Белоснежный лайнер с синими полосами и надписью ""АЭРОФЛОТ"" гордо возвышается на траве. Рядом установлен указатель ""ТУПОЛЕВСКОЕ шоссе highway TUPOLEVSKOYE"", указывающий направление. Этот кадр запечатлел часть истории отечественного авиастроения, демонстрируя один из самых амбициозных проектов своего времени. Самолет выглядит как музейный экспонат, приглашая зрителя прикоснуться к прошлому авиационных триумфов."
8;8.png;Монументальная бронзовая скульптура изображает двух фигур: взрослого летчика в шлеме и летных очках, одетого в летную куртку и высокие сапоги, и мальчика, держащего в руке модель самолета. Летчик смотрит вверх, словно в небо, а мальчик с восхищением и надеждой взирает на него, держа в руке символ мечты о полете. Этот Памятник Авиаторам, погибшим в годы Великой Отечественной войны символизирует преемственность поколений, передачу знаний и вдохновения, а также вечную тягу человека к небу. Он вызывает чувство гордости за достижения авиации и напоминает о героях, покоривших воздушное пространство.
9;9.jpg;"Летний день, залитый солнечным светом, приглашает окунуться в атмосферу прошлого. В тени высоких сосен стоит легендарный самолет, на борту которого красуется надпись ""АЭРОФЛОТ"" и бортовой номер ""346"". У подножия самолета собралась группа людей разных возрастов, позируя для фотографии. Их одежда и прически отражают стиль эпохи, создавая ностальгический образ. Самолет, установленный как памятник или экспонат, в окружении природы и людей, вызывает ощущение теплоты и воспоминаний о временах, когда авиация была символом прогресса и открытий."
10;10.jpg;Зимний день окутывает городскую площадь города Жуковский легким снежным покровом, создавая атмосферу спокойствия. На переднем плане возвышается монументальная статуя человека, Памятник Н.Е. Жуковскому, стоящего спиной к зрителю, установленная на высоком постаменте. За ней простирается площадь, вымощенная плиткой, где видны припаркованные автомобили и редкие прохожие. В центре площади, перед величественным зданием с колоннами, украшенным новогодней елкой, расположился современный многоэтажный дом оранжевого цвета с необычными верхними элементами. Деревья, лишенные листвы, добавляют пейзажу графичности.
11;11.jpg;"На фоне ярко-зеленой травы и голубого неба возвышается впечатляющий монумент, символизирующий достижения авиации. В центре композиции – модель самолета или ракеты, устремленная вверх, установленная на массивном постаменте. Слева и справа от памятника развеваются на ветру яркие разноцветные флаги, добавляя динамики и праздничности этому месту. Над всем этим великолепием, крупными красными буквами, написано название города или связанное с ним слово: ""ЖУКОВСКИЙ"", подчеркивая значимость этого места для истории авиации."
12;12.png;Величественный православный храм, Церковь Спаса Преображения, предстает перед зрителем в окружении ясного голубого неба с легкими облаками. Его белоснежные стены контрастируют с сияющими золотыми куполами, устремленными ввысь. Архитектура церкви отличается изяществом и торжественностью: множество куполов разного размера, арочные окна и стройная колокольня создают неповторимый образ. На переднем плане видны элементы городской застройки и провода, но они не умаляют духовной красоты и монументальности храма.
13;13.png;"Яркий солнечный день встречает посетителей у величественных ворот Парка Культуры и Отдыха. Над широкой аркой, поддерживаемой массивными белыми колоннами, красуется надпись красными объемными буквами: ""ПАРК КУЛЬТУРЫ И ОТДЫХА"". За аркой открывается живописная аллея, утопающая в зелени деревьев, приглашая пройти вглубь, где виднеются легкие навесы и силуэты отдыхающих. Атмосфера обещает приятное времяпрепровождение и отдых на природе."
14;14.png;Величественная бронзовая конная статуя, памятник Георгию Жукову,  занимает центральное место на изображении. На ней запечатлен мужчина в военной форме и фуражке, уверенно восседающий на могучем коне. Фигура всадника излучает силу и решимость, его взгляд устремлен вдаль. Конь изображен в динамичной позе, словно готовясь к стремительному движению, его передняя нога приподнята, а под копытами видны поверженные фигуры, символизирующие победу над врагами. На заднем плане возвышается краснокирпичное здание с арочными окнами, напоминающее архитектуру Московского Кремля, а правее виднеется фрагмент характерной башни с зеленым куполом. Общая композиция создает ощущение исторической значимости и мощи.
15;15.png;"Это изображение представляет собой герб города Жуковский, выполненную в ярких цветах. Основной фон щита — насыщенный голубой. В центре композиции расположены три стилизованных желтых истребителя, летящих в формации ""клин"" (V-образно), символизируя воздушную мощь и скорость. Над ними, в верхней части щита, находится золотое изображение крыльев, олицетворяющее авиацию и стремительность. Герб имеет четкие контуры и современный дизайн, ассоциирующийся с военно-воздушными силами или авиационной организацией."
16;16.png;На фотографии изображена Церковь иконы Божией Матери «Иверская», построенная в традиционном русском стиле. Здание выполнено из бревен, что придает ему теплоту и аутентичность. Центральный купол церкви увенчан крестом, а рядом расположены еще два меньших купола, также с крестами. Архитектура включает многоярусные элементы, резные наличники на окнах и крыльцо с деревянными ступенями. Церковь окружена забором, а на заднем плане виднеются деревья и облачное небо. Атмосфера изображения спокойная и умиротворяющая, передающая дух русской провинции и духовности
17;17.png;Перед нами монументальное здание - Городской Дворец культуры, выполненное в стиле неоклассицизма, с ярко выраженным портиком. Фасад облицован светлым камнем или кирпичом. Десять массивных белых колонн коринфского ордера поддерживают треугольный фронтон, украшенный лепниной. В центре здания расположены три пары входных дверей, ведущих внутрь. Над фронтоном развевается российский флаг. Яркое солнечное освещение подчеркивает его архитектурные детали и создает ощущение парадности.
18;18.png;В тени пышной зелени парка установлен памятник В.П Чкалову. Он изображает мужчину в рабочей одежде, стоящего на постаменте, который сам по себе является частью композиции — это длинная, массивная металлическая балка, установленная под углом. Фигура мужчины выглядит крепкой и решительной, одета в плотную куртку и штаны, заправленные в высокие сапоги, что может указывать на его профессию, связанную с тяжелым трудом или экстремальными условиями. На постаменте виднеется табличка с надписью. Вокруг памятника ухоженные клумбы с цветами и кустарники, а также скамейки, создавая атмосферу места памяти и отдыха.
19;19.png;Детская железная дорога в парке. На живописной зеленой поляне, среди пышной листвы деревьев, извиваются рельсы, по которым движется яркий сине-белый поезд. Локомотив, украшенный эмблемой и красными акцентами, выглядит как уменьшенная копия настоящего. В кабине машиниста видны люди, а на заднем плане укрытая навесом платформа намекает на остановку или станцию. Это, вероятно, часть парковой зоны или аттракцион, создающий сказочное настроение.
20;20.png;Изображение представляет собой монументальный бронзовый бюст, посвященный выдающемуся летчику-испытателю и космонавту СССР Игорю Волкову. Памятник установлен на гранитном постаменте, на котором выгравированы слова, увековечивающие его заслуги. Космонавт изображен в скафандре, держащим в руках шлем, что символизирует его связь с космическими полетами. Фон составляют современные жилые дома и ухоженная городская территория с зелеными насаждениями, подчеркивая, что этот памятник является частью современной жизни города.
21;21.png;На изображении представлена ночная сцена на катке. Каток залит белым снегом и видна сеть следов от коньков. На катке катаются люди, одетые в различную зимнюю одежду. На заднем плане находится двухэтажное здание, украшенное гирляндами с синими огоньками. На втором этаже виден экран, светящийся яркими цветами. За зданиями виднеются заснеженные деревья, создающие фон зимнего пейзажа. Небо темное, ночь.
22;22.png;На улице Чкалова работает Музей истории покорения неба, открытый еще в 1979 году. В этом музее можно познакомиться с историей города, а также с событиями, которые связаны с развитием отечественной авиации. В двух залах представлена довольно богатая и интересная экспозиция, включающая обмундирование летчиков, симулятор полетов, подвесную систему спасательного парашюта, аэродинамичную трубу и рубку пилота гражданского самолета.
23;23.png;Единственный в России Музей слонов тоже работает в Жуковском. Любители этих животных смогут увидеть более 5000 экспонатов, представленных в виде фигурок всех форм и размеров, выполненных из дерева, фаянса, кости, металла, пластика, кожи, шерсти, воска, хрусталя и ракушек.
24;24.png;Самый впечатляющий архитектурный комплекс Жуковского района находится в селе Быково. Речь идет о старинной усадьбе, основанной в XIV веке. У этого места было много владельцев, в том числе князья Воронцовы, Измайловы и Ильины. Архитектурный ансамбль представляет собой каменные постройки в стиле классицизма, готики, историзма и неоренессанса.
25;25.png;"Первое изображение демонстрирует въезд в город Жуковский в зимний период. Центральным элементом является монументальная вывеска с названием города — ""ЖУКОВСКИЙ"". Надпись выполнена крупными белыми буквами, установленными на стилизованной конструкции, напоминающей крыло самолета или стрелу, направленную вперед. Под ней расположена табличка, подчеркивающая статус города: ""ЖУКОВСКИЙ - НАУКОГРАД"". Это указывает на его ключевую роль в развитии российской науки и технологий."
26;26.png;"Изображение погружает нас в историю российской авиации, демонстрируя легендарный сверхзвуковой пассажирский самолет Ту-144 с надписью ""АЭРОФЛОТ"" на борту. Этот самолет, являющийся символом инженерного гения и амбиций советской эпохи, запечатлен в процессе транспортировки. Его элегантный, вытянутый корпус и характерная форма крыльев мгновенно узнаваемы. Самолет перемещается по асфальтированной площадке, сопровождаемый небольшой оранжевой тягачом и группой людей. Зеленые газоны и деревья на заднем плане создают контраст с футуристическим обликом лайнера, напоминая о том, что этот самолет является не просто машиной, а частью истории, возможно, экспонатом музея или памятником авиационной славы. Это изображение — дань уважения выдающимся достижениям в области авиастроения, тесно связанным с городом Жуковским."
27;27.png;"Изображение представляет собой вид на здание с надписью ""ФИЗТЕХ. ФАЛТ"" (Физико-технический факультет, Московский авиационный институт). Это современное здание с ярко-синим фасадом, украшенное крупными белыми буквами названия факультета. Окна здания имеют разноцветные рамы (белые, зеленые), что придает ему современный и динамичный вид."
28;28.png;ПИШ ФАЛТ иконка
29;29.png;Представленное фото демонстрирует живописный городской пейзаж, где плотная жилая застройка гармонично соседствует с обильной зеленью. С высоты птичьего полета открывается вид на город Жуковcкий, утопающий в лесных массивах и парковых зонах, что создает ощущение спокойствия и уюта.
30;30.png;Изображение представляет собой вид на парк развлечений, сфокусированный на двух аттракционах. Справа находится карусель-цепочка, окрашенная в красный и жёлтый цвета и украшенная изображениями цветов и птиц. Слева виден аттракцион, напоминающий лодку, раскачивающуюся на маятнике. Аттракционы окружены оградой, состоящей из секций синего, красного и жёлтого цветов. За оградой тянется асфальтированная дорожка. Фоном служат высокие зелёные деревья, что указывает на то, что это парк или лесопарковая зона. Небо светлое, но не безоблачное, что указывает на пасмурный день.
